{
  "$schema": "./node_modules/@angular/cli/lib/config/schema.json",
  "project": {
    "name": "ngx-admin-demo"
  },
  "apps": [
    {
      "root": "src",
      "outDir": "dist",
      "assets": [
        "assets",
        "favicon.ico",
        "favicon.png",
        {
          "glob": "**/*",
          "input": "../node_modules/leaflet/dist/images",
          "output": "./assets/img/markers"
        }
      ],
      "index": "index.html",
      "main": "main.ts",
      "polyfills": "polyfills.ts",
      "test": "test.ts",
      "tsconfig": "tsconfig.app.json",
      "testTsconfig": "tsconfig.spec.json",
      "styles": [
        "../node_modules/bootstrap/dist/css/bootstrap.css",
        "../node_modules/typeface-exo/index.css",
        "../node_modules/roboto-fontface/css/roboto/roboto-fontface.css",
        "../node_modules/ionicons/scss/ionicons.scss",
        "../node_modules/font-awesome/scss/font-awesome.scss",
        "../node_modules/nebular-icons/scss/nebular-icons.scss",
        "../node_modules/socicon/css/socicon.css",
        "../node_modules/pace-js/templates/pace-theme-flash.tmpl.css",
        "../src/lib/monthpicker/datepicker.css",
        "./app/@theme/styles/styles.scss"
      ],
      "scripts": [
        "../node_modules/pace-js/pace.min.js",
        "../node_modules/tinymce/tinymce.min.js",
        "../node_modules/tinymce/themes/modern/theme.min.js",
        "../node_modules/tinymce/plugins/link/plugin.min.js",
        "../node_modules/tinymce/plugins/paste/plugin.min.js",
        "../node_modules/tinymce/plugins/table/plugin.min.js",
        "../node_modules/jquery/dist/jquery.min.js",
        "../src/lib/monthpicker/bootstrap-datepicker.js",
        "./assets/vendors/echarts.min.js",
        "./assets/base/base.js",
        "./assets/vendors/echarts.world.min.js",
        "../node_modules/chart.js/dist/Chart.min.js"
      ],
      "environmentSource": "environments/environment.ts",
      "environments": {
        "dev": "environments/environment.ts",
        "prod": "environments/environment.prod.ts"
      }
    }
  ],
  "e2e": {
    "protractor": {
      "config": "./protractor.conf.js"
    }
  },
  "lint": [
    {
      "files": "src/**/*.ts",
      "project": "src/tsconfig.app.json"
    },
    {
      "project": "src/tsconfig.spec.json"
    },
    {
      "project": "e2e/tsconfig.e2e.json"
    }
  ],
  "test": {
    "karma": {
      "config": "./karma.conf.js"
    }
  },
  "defaults": {
    "styleExt": "scss",
    "component": {}
  }
}
